<?xml version="1.0" encoding="utf-8" ?>
<dwsync>
<file name="001.jpg" server="C:/xampp/htdocs/greign_estates/" local="132009787420000000" remote="132009787420000000" Dst="0" />
<file name="002.jpg" server="C:/xampp/htdocs/greign_estates/" local="132009787420000000" remote="132009787420000000" Dst="0" />
<file name="003.jpg" server="C:/xampp/htdocs/greign_estates/" local="132009787420000000" remote="132009787420000000" Dst="0" />
<file name="004.jpg" server="C:/xampp/htdocs/greign_estates/" local="132009787420000000" remote="132009787420000000" Dst="0" />
<file name="005.jpg" server="C:/xampp/htdocs/greign_estates/" local="132009787420000000" remote="132009787420000000" Dst="0" />
<file name="006.jpg" server="C:/xampp/htdocs/greign_estates/" local="132009787420000000" remote="132009787420000000" Dst="0" />
<file name="007.jpg" server="C:/xampp/htdocs/greign_estates/" local="132009787420000000" remote="132009787420000000" Dst="0" />
<file name="008.jpg" server="C:/xampp/htdocs/greign_estates/" local="132009787420000000" remote="132009787420000000" Dst="0" />
<file name="009.jpg" server="C:/xampp/htdocs/greign_estates/" local="132009787420000000" remote="132009787420000000" Dst="0" />
<file name="010.jpg" server="C:/xampp/htdocs/greign_estates/" local="132009787420000000" remote="132009787420000000" Dst="0" />
<file name="011.jpg" server="C:/xampp/htdocs/greign_estates/" local="132009787420000000" remote="132009787420000000" Dst="0" />
<file name="012.jpg" server="C:/xampp/htdocs/greign_estates/" local="132009787420000000" remote="132009787420000000" Dst="0" />
<file name="logo.jpg" server="C:/xampp/htdocs/greign_estates/" local="132015994505727234" remote="132015994500000000" Dst="0" />
<file name="slide1.jpg" server="C:/xampp/htdocs/greign_estates/" local="132009915431897217" remote="132009915430000000" Dst="0" />
<file name="slide2.jpg" server="C:/xampp/htdocs/greign_estates/" local="132009915551857331" remote="132009915550000000" Dst="0" />
<file name="slide3.jpg" server="C:/xampp/htdocs/greign_estates/" local="132009915616893781" remote="132009915610000000" Dst="0" />
</dwsync>